DATE,TIME PERIOD,CISS - Composite Indicator of Systemic Stress (CISS.D.U2.Z0Z.4F.EC.SS_CI.IDX)
08/01/1999,08-Jan-99,0.0941
15/01/1999,15-Jan-99,0.1962
22/01/1999,22-Jan-99,0.1877
29/01/1999,29-Jan-99,0.1489
05/02/1999,05-Feb-99,0.1746
12/02/1999,12-Feb-99,0.2127
19/02/1999,19-Feb-99,0.2173
26/02/1999,26-Feb-99,0.2001
05/03/1999,05-Mar-99,0.1666
12/03/1999,12-Mar-99,0.155
19/03/1999,19-Mar-99,0.0761
26/03/1999,26-Mar-99,0.1233
02/04/1999,02-Apr-99,0.0867
09/04/1999,09-Apr-99,0.0925
16/04/1999,16-Apr-99,0.0645
23/04/1999,23-Apr-99,0.1054
30/04/1999,30-Apr-99,0.0747
07/05/1999,07-May-99,0.0618
14/05/1999,14-May-99,0.0567
21/05/1999,21-May-99,0.0565
28/05/1999,28-May-99,0.0568
04/06/1999,04-Jun-99,0.0495
11/06/1999,11-Jun-99,0.0536
18/06/1999,18-Jun-99,0.0485
25/06/1999,25-Jun-99,0.04
02/07/1999,02-Jul-99,0.0422
09/07/1999,09-Jul-99,0.0271
16/07/1999,16-Jul-99,0.0342
23/07/1999,23-Jul-99,0.0867
30/07/1999,30-Jul-99,0.0873
06/08/1999,06-Aug-99,0.0819
13/08/1999,13-Aug-99,0.0826
20/08/1999,20-Aug-99,0.0835
27/08/1999,27-Aug-99,0.0688
03/09/1999,03-Sep-99,0.0604
10/09/1999,10-Sep-99,0.0572
17/09/1999,17-Sep-99,0.0584
24/09/1999,24-Sep-99,0.0699
01/10/1999,01-Oct-99,0.073
08/10/1999,08-Oct-99,0.0785
15/10/1999,15-Oct-99,0.1061
22/10/1999,22-Oct-99,0.1067
29/10/1999,29-Oct-99,0.1033
05/11/1999,05-Nov-99,0.0561
12/11/1999,12-Nov-99,0.0497
19/11/1999,19-Nov-99,0.0547
26/11/1999,26-Nov-99,0.0617
03/12/1999,03-Dec-99,0.0518
10/12/1999,10-Dec-99,0.0735
17/12/1999,17-Dec-99,0.065
24/12/1999,24-Dec-99,0.061
31/12/1999,31-Dec-99,0.0582
07/01/2000,07-Jan-00,0.1041
14/01/2000,14-Jan-00,0.0772
21/01/2000,21-Jan-00,0.0561
28/01/2000,28-Jan-00,0.092
04/02/2000,04-Feb-00,0.084
11/02/2000,11-Feb-00,0.0669
18/02/2000,18-Feb-00,0.0522
25/02/2000,25-Feb-00,0.091
03/03/2000,03-Mar-00,0.0767
10/03/2000,10-Mar-00,0.0778
17/03/2000,17-Mar-00,0.0699
24/03/2000,24-Mar-00,0.0653
31/03/2000,31-Mar-00,0.1095
07/04/2000,07-Apr-00,0.1109
14/04/2000,14-Apr-00,0.147
21/04/2000,21-Apr-00,0.1238
28/04/2000,28-Apr-00,0.1863
05/05/2000,05-May-00,0.2133
12/05/2000,12-May-00,0.2019
19/05/2000,19-May-00,0.1779
26/05/2000,26-May-00,0.2479
02/06/2000,02-Jun-00,0.2241
09/06/2000,09-Jun-00,0.149
16/06/2000,16-Jun-00,0.1244
23/06/2000,23-Jun-00,0.1725
30/06/2000,30-Jun-00,0.1766
07/07/2000,07-Jul-00,0.1239
14/07/2000,14-Jul-00,0.119
21/07/2000,21-Jul-00,0.1751
28/07/2000,28-Jul-00,0.1652
04/08/2000,04-Aug-00,0.1873
11/08/2000,11-Aug-00,0.1426
18/08/2000,18-Aug-00,0.1149
25/08/2000,25-Aug-00,0.1019
01/09/2000,01-Sep-00,0.1373
08/09/2000,08-Sep-00,0.1744
15/09/2000,15-Sep-00,0.1427
22/09/2000,22-Sep-00,0.187
29/09/2000,29-Sep-00,0.146
06/10/2000,06-Oct-00,0.1333
13/10/2000,13-Oct-00,0.2042
20/10/2000,20-Oct-00,0.2331
27/10/2000,27-Oct-00,0.2255
03/11/2000,03-Nov-00,0.1481
10/11/2000,10-Nov-00,0.1399
17/11/2000,17-Nov-00,0.1467
24/11/2000,24-Nov-00,0.1799
01/12/2000,01-Dec-00,0.209
08/12/2000,08-Dec-00,0.175
15/12/2000,15-Dec-00,0.1761
22/12/2000,22-Dec-00,0.2041
29/12/2000,29-Dec-00,0.1312
05/01/2001,05-Jan-01,0.2424
12/01/2001,12-Jan-01,0.2392
19/01/2001,19-Jan-01,0.2075
26/01/2001,26-Jan-01,0.1203
02/02/2001,02-Feb-01,0.1512
09/02/2001,09-Feb-01,0.1401
16/02/2001,16-Feb-01,0.189
23/02/2001,23-Feb-01,0.1911
02/03/2001,02-Mar-01,0.1834
09/03/2001,09-Mar-01,0.0932
16/03/2001,16-Mar-01,0.1383
23/03/2001,23-Mar-01,0.1888
30/03/2001,30-Mar-01,0.173
06/04/2001,06-Apr-01,0.1864
13/04/2001,13-Apr-01,0.2069
20/04/2001,20-Apr-01,0.216
27/04/2001,27-Apr-01,0.1975
04/05/2001,04-May-01,0.123
11/05/2001,11-May-01,0.1233
18/05/2001,18-May-01,0.0967
25/05/2001,25-May-01,0.1357
01/06/2001,01-Jun-01,0.1071
08/06/2001,08-Jun-01,0.1011
15/06/2001,15-Jun-01,0.1118
22/06/2001,22-Jun-01,0.0934
29/06/2001,29-Jun-01,0.1673
06/07/2001,06-Jul-01,0.1772
13/07/2001,13-Jul-01,0.1747
20/07/2001,20-Jul-01,0.1869
27/07/2001,27-Jul-01,0.1477
03/08/2001,03-Aug-01,0.1091
10/08/2001,10-Aug-01,0.1259
17/08/2001,17-Aug-01,0.1698
24/08/2001,24-Aug-01,0.1362
31/08/2001,31-Aug-01,0.1722
07/09/2001,07-Sep-01,0.2882
14/09/2001,14-Sep-01,0.3312
21/09/2001,21-Sep-01,0.3955
28/09/2001,28-Sep-01,0.3805
05/10/2001,05-Oct-01,0.3947
12/10/2001,12-Oct-01,0.3268
19/10/2001,19-Oct-01,0.3194
26/10/2001,26-Oct-01,0.3387
02/11/2001,02-Nov-01,0.3399
09/11/2001,09-Nov-01,0.3484
16/11/2001,16-Nov-01,0.3625
23/11/2001,23-Nov-01,0.3198
30/11/2001,30-Nov-01,0.2847
07/12/2001,07-Dec-01,0.323
14/12/2001,14-Dec-01,0.2772
21/12/2001,21-Dec-01,0.3023
28/12/2001,28-Dec-01,0.2346
04/01/2002,04-Jan-02,0.3095
11/01/2002,11-Jan-02,0.2441
18/01/2002,18-Jan-02,0.2993
25/01/2002,25-Jan-02,0.278
01/02/2002,01-Feb-02,0.2502
08/02/2002,08-Feb-02,0.2851
15/02/2002,15-Feb-02,0.1922
22/02/2002,22-Feb-02,0.2441
01/03/2002,01-Mar-02,0.2207
08/03/2002,08-Mar-02,0.2084
15/03/2002,15-Mar-02,0.1422
22/03/2002,22-Mar-02,0.143
29/03/2002,29-Mar-02,0.0983
05/04/2002,05-Apr-02,0.1619
12/04/2002,12-Apr-02,0.1756
19/04/2002,19-Apr-02,0.1828
26/04/2002,26-Apr-02,0.1554
03/05/2002,03-May-02,0.1995
10/05/2002,10-May-02,0.1615
17/05/2002,17-May-02,0.1652
24/05/2002,24-May-02,0.1491
31/05/2002,31-May-02,0.1586
07/06/2002,07-Jun-02,0.1698
14/06/2002,14-Jun-02,0.1694
21/06/2002,21-Jun-02,0.1645
28/06/2002,28-Jun-02,0.152
05/07/2002,05-Jul-02,0.1933
12/07/2002,12-Jul-02,0.1875
19/07/2002,19-Jul-02,0.1938
26/07/2002,26-Jul-02,0.2232
02/08/2002,02-Aug-02,0.2277
09/08/2002,09-Aug-02,0.2386
16/08/2002,16-Aug-02,0.1924
23/08/2002,23-Aug-02,0.2296
30/08/2002,30-Aug-02,0.2231
06/09/2002,06-Sep-02,0.2147
13/09/2002,13-Sep-02,0.2343
20/09/2002,20-Sep-02,0.2308
27/09/2002,27-Sep-02,0.2381
04/10/2002,04-Oct-02,0.261
11/10/2002,11-Oct-02,0.2758
18/10/2002,18-Oct-02,0.2683
25/10/2002,25-Oct-02,0.2581
01/11/2002,01-Nov-02,0.2185
08/11/2002,08-Nov-02,0.2375
15/11/2002,15-Nov-02,0.2053
22/11/2002,22-Nov-02,0.1833
29/11/2002,29-Nov-02,0.2167
06/12/2002,06-Dec-02,0.2081
13/12/2002,13-Dec-02,0.207
20/12/2002,20-Dec-02,0.2501
27/12/2002,27-Dec-02,0.1392
03/01/2003,03-Jan-03,0.1915
10/01/2003,10-Jan-03,0.1672
17/01/2003,17-Jan-03,0.2078
24/01/2003,24-Jan-03,0.2178
31/01/2003,31-Jan-03,0.2127
07/02/2003,07-Feb-03,0.1814
14/02/2003,14-Feb-03,0.212
21/02/2003,21-Feb-03,0.162
28/02/2003,28-Feb-03,0.2281
07/03/2003,07-Mar-03,0.1946
14/03/2003,14-Mar-03,0.208
21/03/2003,21-Mar-03,0.2275
28/03/2003,28-Mar-03,0.1925
04/04/2003,04-Apr-03,0.2097
11/04/2003,11-Apr-03,0.1693
18/04/2003,18-Apr-03,0.1445
25/04/2003,25-Apr-03,0.142
02/05/2003,02-May-03,0.1163
09/05/2003,09-May-03,0.1566
16/05/2003,16-May-03,0.1025
23/05/2003,23-May-03,0.2322
30/05/2003,30-May-03,0.1779
06/06/2003,06-Jun-03,0.2111
13/06/2003,13-Jun-03,0.183
20/06/2003,20-Jun-03,0.2099
27/06/2003,27-Jun-03,0.1664
04/07/2003,04-Jul-03,0.1234
11/07/2003,11-Jul-03,0.1649
18/07/2003,18-Jul-03,0.0977
25/07/2003,25-Jul-03,0.0889
01/08/2003,01-Aug-03,0.0881
08/08/2003,08-Aug-03,0.0857
15/08/2003,15-Aug-03,0.089
22/08/2003,22-Aug-03,0.1864
29/08/2003,29-Aug-03,0.1322
05/09/2003,05-Sep-03,0.0975
12/09/2003,12-Sep-03,0.0853
19/09/2003,19-Sep-03,0.0886
26/09/2003,26-Sep-03,0.0994
03/10/2003,03-Oct-03,0.1407
10/10/2003,10-Oct-03,0.1262
17/10/2003,17-Oct-03,0.1004
24/10/2003,24-Oct-03,0.0883
31/10/2003,31-Oct-03,0.091
07/11/2003,07-Nov-03,0.0948
14/11/2003,14-Nov-03,0.0696
21/11/2003,21-Nov-03,0.0732
28/11/2003,28-Nov-03,0.0859
05/12/2003,05-Dec-03,0.0776
12/12/2003,12-Dec-03,0.0622
19/12/2003,19-Dec-03,0.0479
26/12/2003,26-Dec-03,0.0466
02/01/2004,02-Jan-04,0.0674
09/01/2004,09-Jan-04,0.1383
16/01/2004,16-Jan-04,0.1143
23/01/2004,23-Jan-04,0.1008
30/01/2004,30-Jan-04,0.0821
06/02/2004,06-Feb-04,0.0607
13/02/2004,13-Feb-04,0.0884
20/02/2004,20-Feb-04,0.0862
27/02/2004,27-Feb-04,0.0855
05/03/2004,05-Mar-04,0.1108
12/03/2004,12-Mar-04,0.1081
19/03/2004,19-Mar-04,0.094
26/03/2004,26-Mar-04,0.1006
02/04/2004,02-Apr-04,0.0959
09/04/2004,09-Apr-04,0.1268
16/04/2004,16-Apr-04,0.0929
23/04/2004,23-Apr-04,0.0851
30/04/2004,30-Apr-04,0.0894
07/05/2004,07-May-04,0.0756
14/05/2004,14-May-04,0.105
21/05/2004,21-May-04,0.0737
28/05/2004,28-May-04,0.0618
04/06/2004,04-Jun-04,0.0585
11/06/2004,11-Jun-04,0.0557
18/06/2004,18-Jun-04,0.0508
25/06/2004,25-Jun-04,0.0387
02/07/2004,02-Jul-04,0.0425
09/07/2004,09-Jul-04,0.0321
16/07/2004,16-Jul-04,0.0418
23/07/2004,23-Jul-04,0.0723
30/07/2004,30-Jul-04,0.0858
06/08/2004,06-Aug-04,0.0896
13/08/2004,13-Aug-04,0.0654
20/08/2004,20-Aug-04,0.0454
27/08/2004,27-Aug-04,0.0753
03/09/2004,03-Sep-04,0.0832
10/09/2004,10-Sep-04,0.0715
17/09/2004,17-Sep-04,0.068
24/09/2004,24-Sep-04,0.0628
01/10/2004,01-Oct-04,0.0828
08/10/2004,08-Oct-04,0.0542
15/10/2004,15-Oct-04,0.0723
22/10/2004,22-Oct-04,0.0687
29/10/2004,29-Oct-04,0.066
05/11/2004,05-Nov-04,0.0621
12/11/2004,12-Nov-04,0.0517
19/11/2004,19-Nov-04,0.0514
26/11/2004,26-Nov-04,0.0445
03/12/2004,03-Dec-04,0.0598
10/12/2004,10-Dec-04,0.048
17/12/2004,17-Dec-04,0.0544
24/12/2004,24-Dec-04,0.0468
31/12/2004,31-Dec-04,0.0467
07/01/2005,07-Jan-05,0.0806
14/01/2005,14-Jan-05,0.0567
21/01/2005,21-Jan-05,0.0464
28/01/2005,28-Jan-05,0.0482
04/02/2005,04-Feb-05,0.089
11/02/2005,11-Feb-05,0.0594
18/02/2005,18-Feb-05,0.0574
25/02/2005,25-Feb-05,0.0938
04/03/2005,04-Mar-05,0.0655
11/03/2005,11-Mar-05,0.0798
18/03/2005,18-Mar-05,0.0864
25/03/2005,25-Mar-05,0.0726
01/04/2005,01-Apr-05,0.0565
08/04/2005,08-Apr-05,0.0667
15/04/2005,15-Apr-05,0.0838
22/04/2005,22-Apr-05,0.1176
29/04/2005,29-Apr-05,0.126
06/05/2005,06-May-05,0.1024
13/05/2005,13-May-05,0.1175
20/05/2005,20-May-05,0.0931
27/05/2005,27-May-05,0.0755
03/06/2005,03-Jun-05,0.1155
10/06/2005,10-Jun-05,0.0656
17/06/2005,17-Jun-05,0.1293
24/06/2005,24-Jun-05,0.0883
01/07/2005,01-Jul-05,0.1083
08/07/2005,08-Jul-05,0.0959
15/07/2005,15-Jul-05,0.0769
22/07/2005,22-Jul-05,0.1048
29/07/2005,29-Jul-05,0.063
05/08/2005,05-Aug-05,0.0852
12/08/2005,12-Aug-05,0.0668
19/08/2005,19-Aug-05,0.063
26/08/2005,26-Aug-05,0.0503
02/09/2005,02-Sep-05,0.0728
09/09/2005,09-Sep-05,0.0664
16/09/2005,16-Sep-05,0.0686
23/09/2005,23-Sep-05,0.0764
30/09/2005,30-Sep-05,0.1011
07/10/2005,07-Oct-05,0.1225
14/10/2005,14-Oct-05,0.1225
21/10/2005,21-Oct-05,0.1048
28/10/2005,28-Oct-05,0.136
04/11/2005,04-Nov-05,0.1483
11/11/2005,11-Nov-05,0.1049
18/11/2005,18-Nov-05,0.0946
25/11/2005,25-Nov-05,0.0718
02/12/2005,02-Dec-05,0.1006
09/12/2005,09-Dec-05,0.0564
16/12/2005,16-Dec-05,0.0759
23/12/2005,23-Dec-05,0.0593
30/12/2005,30-Dec-05,0.0373
06/01/2006,06-Jan-06,0.0749
13/01/2006,13-Jan-06,0.0773
20/01/2006,20-Jan-06,0.0792
27/01/2006,27-Jan-06,0.1073
03/02/2006,03-Feb-06,0.0873
10/02/2006,10-Feb-06,0.0988
17/02/2006,17-Feb-06,0.0707
24/02/2006,24-Feb-06,0.0727
03/03/2006,03-Mar-06,0.1056
10/03/2006,10-Mar-06,0.1142
17/03/2006,17-Mar-06,0.0551
24/03/2006,24-Mar-06,0.0523
31/03/2006,31-Mar-06,0.0968
07/04/2006,07-Apr-06,0.0871
14/04/2006,14-Apr-06,0.0764
21/04/2006,21-Apr-06,0.0665
28/04/2006,28-Apr-06,0.1058
05/05/2006,05-May-06,0.0742
12/05/2006,12-May-06,0.0992
19/05/2006,19-May-06,0.1834
26/05/2006,26-May-06,0.1482
02/06/2006,02-Jun-06,0.094
09/06/2006,09-Jun-06,0.1298
16/06/2006,16-Jun-06,0.1671
23/06/2006,23-Jun-06,0.1146
30/06/2006,30-Jun-06,0.1258
07/07/2006,07-Jul-06,0.1135
14/07/2006,14-Jul-06,0.1258
21/07/2006,21-Jul-06,0.1091
28/07/2006,28-Jul-06,0.1167
04/08/2006,04-Aug-06,0.1329
11/08/2006,11-Aug-06,0.0865
18/08/2006,18-Aug-06,0.0685
25/08/2006,25-Aug-06,0.0839
01/09/2006,01-Sep-06,0.0567
08/09/2006,08-Sep-06,0.0804
15/09/2006,15-Sep-06,0.064
22/09/2006,22-Sep-06,0.084
29/09/2006,29-Sep-06,0.0747
06/10/2006,06-Oct-06,0.0569
13/10/2006,13-Oct-06,0.0499
20/10/2006,20-Oct-06,0.068
27/10/2006,27-Oct-06,0.0352
03/11/2006,03-Nov-06,0.0416
10/11/2006,10-Nov-06,0.0433
17/11/2006,17-Nov-06,0.0398
24/11/2006,24-Nov-06,0.036
01/12/2006,01-Dec-06,0.0963
08/12/2006,08-Dec-06,0.0547
15/12/2006,15-Dec-06,0.0499
22/12/2006,22-Dec-06,0.0347
29/12/2006,29-Dec-06,0.0387
05/01/2007,05-Jan-07,0.0823
12/01/2007,12-Jan-07,0.0684
19/01/2007,19-Jan-07,0.0321
26/01/2007,26-Jan-07,0.0613
02/02/2007,02-Feb-07,0.0505
09/02/2007,09-Feb-07,0.0568
16/02/2007,16-Feb-07,0.0928
23/02/2007,23-Feb-07,0.048
02/03/2007,02-Mar-07,0.1642
09/03/2007,09-Mar-07,0.1392
16/03/2007,16-Mar-07,0.1967
23/03/2007,23-Mar-07,0.1861
30/03/2007,30-Mar-07,0.1014
06/04/2007,06-Apr-07,0.0893
13/04/2007,13-Apr-07,0.0811
20/04/2007,20-Apr-07,0.1093
27/04/2007,27-Apr-07,0.0664
04/05/2007,04-May-07,0.0579
11/05/2007,11-May-07,0.0621
18/05/2007,18-May-07,0.0505
25/05/2007,25-May-07,0.0622
01/06/2007,01-Jun-07,0.0703
08/06/2007,08-Jun-07,0.098
15/06/2007,15-Jun-07,0.0768
22/06/2007,22-Jun-07,0.042
29/06/2007,29-Jun-07,0.0799
06/07/2007,06-Jul-07,0.0505
13/07/2007,13-Jul-07,0.1091
20/07/2007,20-Jul-07,0.114
27/07/2007,27-Jul-07,0.1521
03/08/2007,03-Aug-07,0.2029
10/08/2007,10-Aug-07,0.3043
17/08/2007,17-Aug-07,0.3325
24/08/2007,24-Aug-07,0.345
31/08/2007,31-Aug-07,0.2967
07/09/2007,07-Sep-07,0.3078
14/09/2007,14-Sep-07,0.2807
21/09/2007,21-Sep-07,0.3478
28/09/2007,28-Sep-07,0.304
05/10/2007,05-Oct-07,0.242
12/10/2007,12-Oct-07,0.227
19/10/2007,19-Oct-07,0.2074
26/10/2007,26-Oct-07,0.2666
02/11/2007,02-Nov-07,0.2418
09/11/2007,09-Nov-07,0.2517
16/11/2007,16-Nov-07,0.3058
23/11/2007,23-Nov-07,0.4013
30/11/2007,30-Nov-07,0.4039
07/12/2007,07-Dec-07,0.3597
14/12/2007,14-Dec-07,0.3614
21/12/2007,21-Dec-07,0.3431
28/12/2007,28-Dec-07,0.195
04/01/2008,04-Jan-08,0.3103
11/01/2008,11-Jan-08,0.4103
18/01/2008,18-Jan-08,0.4877
25/01/2008,25-Jan-08,0.6
01/02/2008,01-Feb-08,0.4885
08/02/2008,08-Feb-08,0.5001
15/02/2008,15-Feb-08,0.4842
22/02/2008,22-Feb-08,0.3811
29/02/2008,29-Feb-08,0.446
07/03/2008,07-Mar-08,0.4909
14/03/2008,14-Mar-08,0.5441
21/03/2008,21-Mar-08,0.5631
28/03/2008,28-Mar-08,0.5293
04/04/2008,04-Apr-08,0.4895
11/04/2008,11-Apr-08,0.4328
18/04/2008,18-Apr-08,0.5351
25/04/2008,25-Apr-08,0.4477
02/05/2008,02-May-08,0.3625
09/05/2008,09-May-08,0.3571
16/05/2008,16-May-08,0.376
23/05/2008,23-May-08,0.4511
30/05/2008,30-May-08,0.3731
06/06/2008,06-Jun-08,0.5396
13/06/2008,13-Jun-08,0.4648
20/06/2008,20-Jun-08,0.4129
27/06/2008,27-Jun-08,0.4266
04/07/2008,04-Jul-08,0.4885
11/07/2008,11-Jul-08,0.3904
18/07/2008,18-Jul-08,0.4166
25/07/2008,25-Jul-08,0.3768
01/08/2008,01-Aug-08,0.3649
08/08/2008,08-Aug-08,0.3951
15/08/2008,15-Aug-08,0.3805
22/08/2008,22-Aug-08,0.3852
29/08/2008,29-Aug-08,0.3234
05/09/2008,05-Sep-08,0.444
12/09/2008,12-Sep-08,0.481
19/09/2008,19-Sep-08,0.554
26/09/2008,26-Sep-08,0.5699
03/10/2008,03-Oct-08,0.7045
10/10/2008,10-Oct-08,0.7384
17/10/2008,17-Oct-08,0.7161
24/10/2008,24-Oct-08,0.7514
31/10/2008,31-Oct-08,0.7627
07/11/2008,07-Nov-08,0.7708
14/11/2008,14-Nov-08,0.7577
21/11/2008,21-Nov-08,0.7828
28/11/2008,28-Nov-08,0.8041
05/12/2008,05-Dec-08,0.7565
12/12/2008,12-Dec-08,0.8402
19/12/2008,19-Dec-08,0.7765
26/12/2008,26-Dec-08,0.4282
02/01/2009,02-Jan-09,0.5443
09/01/2009,09-Jan-09,0.7357
16/01/2009,16-Jan-09,0.7945
23/01/2009,23-Jan-09,0.7648
30/01/2009,30-Jan-09,0.7576
06/02/2009,06-Feb-09,0.7215
13/02/2009,13-Feb-09,0.6672
20/02/2009,20-Feb-09,0.7681
27/02/2009,27-Feb-09,0.7733
06/03/2009,06-Mar-09,0.7931
13/03/2009,13-Mar-09,0.7513
20/03/2009,20-Mar-09,0.7515
27/03/2009,27-Mar-09,0.7871
03/04/2009,03-Apr-09,0.7637
10/04/2009,10-Apr-09,0.5885
17/04/2009,17-Apr-09,0.6915
24/04/2009,24-Apr-09,0.6777
01/05/2009,01-May-09,0.66
08/05/2009,08-May-09,0.7247
15/05/2009,15-May-09,0.6179
22/05/2009,22-May-09,0.5654
29/05/2009,29-May-09,0.4357
05/06/2009,05-Jun-09,0.637
12/06/2009,12-Jun-09,0.5551
19/06/2009,19-Jun-09,0.6743
26/06/2009,26-Jun-09,0.6619
03/07/2009,03-Jul-09,0.623
10/07/2009,10-Jul-09,0.6035
17/07/2009,17-Jul-09,0.5962
24/07/2009,24-Jul-09,0.5223
31/07/2009,31-Jul-09,0.5603
07/08/2009,07-Aug-09,0.5268
14/08/2009,14-Aug-09,0.5054
21/08/2009,21-Aug-09,0.4937
28/08/2009,28-Aug-09,0.409
04/09/2009,04-Sep-09,0.372
11/09/2009,11-Sep-09,0.4676
18/09/2009,18-Sep-09,0.3185
25/09/2009,25-Sep-09,0.3935
02/10/2009,02-Oct-09,0.433
09/10/2009,09-Oct-09,0.4596
16/10/2009,16-Oct-09,0.3898
23/10/2009,23-Oct-09,0.3236
30/10/2009,30-Oct-09,0.4971
06/11/2009,06-Nov-09,0.4138
13/11/2009,13-Nov-09,0.3356
20/11/2009,20-Nov-09,0.3853
27/11/2009,27-Nov-09,0.4106
04/12/2009,04-Dec-09,0.3944
11/12/2009,11-Dec-09,0.3942
18/12/2009,18-Dec-09,0.3787
25/12/2009,25-Dec-09,0.2638
01/01/2010,01-Jan-10,0.2116
08/01/2010,08-Jan-10,0.2944
15/01/2010,15-Jan-10,0.3069
22/01/2010,22-Jan-10,0.3736
29/01/2010,29-Jan-10,0.2973
05/02/2010,05-Feb-10,0.3439
12/02/2010,12-Feb-10,0.3154
19/02/2010,19-Feb-10,0.3047
26/02/2010,26-Feb-10,0.3223
05/03/2010,05-Mar-10,0.3184
12/03/2010,12-Mar-10,0.2207
19/03/2010,19-Mar-10,0.2472
26/03/2010,26-Mar-10,0.2109
02/04/2010,02-Apr-10,0.1879
09/04/2010,09-Apr-10,0.2194
16/04/2010,16-Apr-10,0.2436
23/04/2010,23-Apr-10,0.2724
30/04/2010,30-Apr-10,0.306
07/05/2010,07-May-10,0.4112
14/05/2010,14-May-10,0.4276
21/05/2010,21-May-10,0.4194
28/05/2010,28-May-10,0.4237
04/06/2010,04-Jun-10,0.4153
11/06/2010,11-Jun-10,0.4143
18/06/2010,18-Jun-10,0.3236
25/06/2010,25-Jun-10,0.3749
02/07/2010,02-Jul-10,0.4672
09/07/2010,09-Jul-10,0.3751
16/07/2010,16-Jul-10,0.3864
23/07/2010,23-Jul-10,0.3585
30/07/2010,30-Jul-10,0.2829
06/08/2010,06-Aug-10,0.2882
13/08/2010,13-Aug-10,0.3538
20/08/2010,20-Aug-10,0.3359
27/08/2010,27-Aug-10,0.3668
03/09/2010,03-Sep-10,0.3634
10/09/2010,10-Sep-10,0.3648
17/09/2010,17-Sep-10,0.3439
24/09/2010,24-Sep-10,0.3955
01/10/2010,01-Oct-10,0.305
08/10/2010,08-Oct-10,0.3372
15/10/2010,15-Oct-10,0.2924
22/10/2010,22-Oct-10,0.3152
29/10/2010,29-Oct-10,0.255
05/11/2010,05-Nov-10,0.2807
12/11/2010,12-Nov-10,0.2651
19/11/2010,19-Nov-10,0.2747
26/11/2010,26-Nov-10,0.317
03/12/2010,03-Dec-10,0.3696
10/12/2010,10-Dec-10,0.252
17/12/2010,17-Dec-10,0.2464
24/12/2010,24-Dec-10,0.1771
31/12/2010,31-Dec-10,0.1872
07/01/2011,07-Jan-11,0.2165
14/01/2011,14-Jan-11,0.2246
21/01/2011,21-Jan-11,0.2168
28/01/2011,28-Jan-11,0.1845
04/02/2011,04-Feb-11,0.1671
11/02/2011,11-Feb-11,0.1411
18/02/2011,18-Feb-11,0.1745
25/02/2011,25-Feb-11,0.1448
04/03/2011,04-Mar-11,0.1769
11/03/2011,11-Mar-11,0.1352
18/03/2011,18-Mar-11,0.2077
25/03/2011,25-Mar-11,0.2147
01/04/2011,01-Apr-11,0.1797
08/04/2011,08-Apr-11,0.1958
15/04/2011,15-Apr-11,0.1567
22/04/2011,22-Apr-11,0.221
29/04/2011,29-Apr-11,0.1496
06/05/2011,06-May-11,0.209
13/05/2011,13-May-11,0.1852
20/05/2011,20-May-11,0.1452
27/05/2011,27-May-11,0.1552
03/06/2011,03-Jun-11,0.1854
10/06/2011,10-Jun-11,0.1774
17/06/2011,17-Jun-11,0.2067
24/06/2011,24-Jun-11,0.1907
01/07/2011,01-Jul-11,0.2456
08/07/2011,08-Jul-11,0.2825
15/07/2011,15-Jul-11,0.3427
22/07/2011,22-Jul-11,0.3177
29/07/2011,29-Jul-11,0.3116
05/08/2011,05-Aug-11,0.4258
12/08/2011,12-Aug-11,0.5162
19/08/2011,19-Aug-11,0.495
26/08/2011,26-Aug-11,0.4108
02/09/2011,02-Sep-11,0.4093
09/09/2011,09-Sep-11,0.531
16/09/2011,16-Sep-11,0.532
23/09/2011,23-Sep-11,0.5586
30/09/2011,30-Sep-11,0.5783
07/10/2011,07-Oct-11,0.6126
14/10/2011,14-Oct-11,0.6282
21/10/2011,21-Oct-11,0.5151
28/10/2011,28-Oct-11,0.5422
04/11/2011,04-Nov-11,0.6568
11/11/2011,11-Nov-11,0.5725
18/11/2011,18-Nov-11,0.4857
25/11/2011,25-Nov-11,0.5488
02/12/2011,02-Dec-11,0.5176
09/12/2011,09-Dec-11,0.4505
16/12/2011,16-Dec-11,0.4992
23/12/2011,23-Dec-11,0.4001
30/12/2011,30-Dec-11,0.4139
06/01/2012,06-Jan-12,0.525
13/01/2012,13-Jan-12,0.4662
20/01/2012,20-Jan-12,0.4612
27/01/2012,27-Jan-12,0.435
03/02/2012,03-Feb-12,0.4207
10/02/2012,10-Feb-12,0.372
17/02/2012,17-Feb-12,0.316
24/02/2012,24-Feb-12,0.3996
02/03/2012,02-Mar-12,0.3398
09/03/2012,09-Mar-12,0.3859
16/03/2012,16-Mar-12,0.3643
23/03/2012,23-Mar-12,0.3026
30/03/2012,30-Mar-12,0.3358
06/04/2012,06-Apr-12,0.3142
13/04/2012,13-Apr-12,0.3555
20/04/2012,20-Apr-12,0.3597
27/04/2012,27-Apr-12,0.3918
04/05/2012,04-May-12,0.3513
11/05/2012,11-May-12,0.3412
18/05/2012,18-May-12,0.3772
25/05/2012,25-May-12,0.3031
01/06/2012,01-Jun-12,0.4331
08/06/2012,08-Jun-12,0.4045
15/06/2012,15-Jun-12,0.3379
22/06/2012,22-Jun-12,0.3783
29/06/2012,29-Jun-12,0.4277
06/07/2012,06-Jul-12,0.4058
13/07/2012,13-Jul-12,0.3869
20/07/2012,20-Jul-12,0.3838
27/07/2012,27-Jul-12,0.4352
03/08/2012,03-Aug-12,0.45
10/08/2012,10-Aug-12,0.3254
17/08/2012,17-Aug-12,0.2983
24/08/2012,24-Aug-12,0.3313
31/08/2012,31-Aug-12,0.2689
07/09/2012,07-Sep-12,0.2796
14/09/2012,14-Sep-12,0.2908
21/09/2012,21-Sep-12,0.2552
28/09/2012,28-Sep-12,0.2748
05/10/2012,05-Oct-12,0.233
12/10/2012,12-Oct-12,0.2151
19/10/2012,19-Oct-12,0.2631
26/10/2012,26-Oct-12,0.24
02/11/2012,02-Nov-12,0.1925
09/11/2012,09-Nov-12,0.1923
16/11/2012,16-Nov-12,0.1725
23/11/2012,23-Nov-12,0.1671
30/11/2012,30-Nov-12,0.1471
07/12/2012,07-Dec-12,0.1323
14/12/2012,14-Dec-12,0.1312
21/12/2012,21-Dec-12,0.1077
28/12/2012,28-Dec-12,0.0681
04/01/2013,04-Jan-13,0.1249
11/01/2013,11-Jan-13,0.1296
18/01/2013,18-Jan-13,0.1268
25/01/2013,25-Jan-13,0.1166
01/02/2013,01-Feb-13,0.145
08/02/2013,08-Feb-13,0.1267
15/02/2013,15-Feb-13,0.1001
22/02/2013,22-Feb-13,0.1199
01/03/2013,01-Mar-13,0.1388
08/03/2013,08-Mar-13,0.1226
15/03/2013,15-Mar-13,0.0755
22/03/2013,22-Mar-13,0.132
29/03/2013,29-Mar-13,0.1112
05/04/2013,05-Apr-13,0.1335
12/04/2013,12-Apr-13,0.1277
19/04/2013,19-Apr-13,0.1321
26/04/2013,26-Apr-13,0.1086
03/05/2013,03-May-13,0.0965
10/05/2013,10-May-13,0.0748
17/05/2013,17-May-13,0.062
24/05/2013,24-May-13,0.0661
31/05/2013,31-May-13,0.0685
07/06/2013,07-Jun-13,0.065
14/06/2013,14-Jun-13,0.0679
21/06/2013,21-Jun-13,0.1015
28/06/2013,28-Jun-13,0.115
05/07/2013,05-Jul-13,0.0801
12/07/2013,12-Jul-13,0.0779
19/07/2013,19-Jul-13,0.0504
26/07/2013,26-Jul-13,0.069
02/08/2013,02-Aug-13,0.0493
09/08/2013,09-Aug-13,0.0469
16/08/2013,16-Aug-13,0.0468
23/08/2013,23-Aug-13,0.0445
30/08/2013,30-Aug-13,0.0491
06/09/2013,06-Sep-13,0.0533
13/09/2013,13-Sep-13,0.0447
20/09/2013,20-Sep-13,0.0334
27/09/2013,27-Sep-13,0.0248
04/10/2013,04-Oct-13,0.0406
11/10/2013,11-Oct-13,0.0396
18/10/2013,18-Oct-13,0.0336
25/10/2013,25-Oct-13,0.034
01/11/2013,01-Nov-13,0.0429
08/11/2013,08-Nov-13,0.0543
15/11/2013,15-Nov-13,0.0386
22/11/2013,22-Nov-13,0.043
29/11/2013,29-Nov-13,0.0315
06/12/2013,06-Dec-13,0.0737
13/12/2013,13-Dec-13,0.0535
20/12/2013,20-Dec-13,0.0627
27/12/2013,27-Dec-13,0.0336
03/01/2014,03-Jan-14,0.054
10/01/2014,10-Jan-14,0.0592
17/01/2014,17-Jan-14,0.0775
24/01/2014,24-Jan-14,0.0933
31/01/2014,31-Jan-14,0.0857
07/02/2014,07-Feb-14,0.1141
14/02/2014,14-Feb-14,0.0858
21/02/2014,21-Feb-14,0.0444
28/02/2014,28-Feb-14,0.0537
07/03/2014,07-Mar-14,0.161
14/03/2014,14-Mar-14,0.1106
21/03/2014,21-Mar-14,0.0807
28/03/2014,28-Mar-14,0.123
04/04/2014,04-Apr-14,0.0714
11/04/2014,11-Apr-14,0.0878
18/04/2014,18-Apr-14,0.0564
25/04/2014,25-Apr-14,0.0557
02/05/2014,02-May-14,0.0637
09/05/2014,09-May-14,0.0888
16/05/2014,16-May-14,0.0921
23/05/2014,23-May-14,0.0577
30/05/2014,30-May-14,0.0458
06/06/2014,06-Jun-14,0.0644
13/06/2014,13-Jun-14,0.062
20/06/2014,20-Jun-14,0.0654
27/06/2014,27-Jun-14,0.0701
04/07/2014,04-Jul-14,0.082
11/07/2014,11-Jul-14,0.0832
18/07/2014,18-Jul-14,0.0909
25/07/2014,25-Jul-14,0.135
01/08/2014,01-Aug-14,0.1178
08/08/2014,08-Aug-14,0.1105
15/08/2014,15-Aug-14,0.1148
22/08/2014,22-Aug-14,0.0988
29/08/2014,29-Aug-14,0.0763
05/09/2014,05-Sep-14,0.1096
12/09/2014,12-Sep-14,0.0771
19/09/2014,19-Sep-14,0.0661
26/09/2014,26-Sep-14,0.0884
03/10/2014,03-Oct-14,0.122
10/10/2014,10-Oct-14,0.1227
17/10/2014,17-Oct-14,0.1831
24/10/2014,24-Oct-14,0.1258
31/10/2014,31-Oct-14,0.1561
07/11/2014,07-Nov-14,0.1325
14/11/2014,14-Nov-14,0.1094
21/11/2014,21-Nov-14,0.1219
28/11/2014,28-Nov-14,0.0489
05/12/2014,05-Dec-14,0.097
12/12/2014,12-Dec-14,0.1138
19/12/2014,19-Dec-14,0.1372
26/12/2014,26-Dec-14,0.0374
02/01/2015,02-Jan-15,0.0884
09/01/2015,09-Jan-15,0.1489
16/01/2015,16-Jan-15,0.1545
23/01/2015,23-Jan-15,0.1943
30/01/2015,30-Jan-15,0.1527
06/02/2015,06-Feb-15,0.1311
13/02/2015,13-Feb-15,0.0846
20/02/2015,20-Feb-15,0.0575
27/02/2015,27-Feb-15,0.0761
06/03/2015,06-Mar-15,0.0648
13/03/2015,13-Mar-15,0.1088
20/03/2015,20-Mar-15,0.0956
27/03/2015,27-Mar-15,0.0771
03/04/2015,03-Apr-15,0.0577
10/04/2015,10-Apr-15,0.0729
17/04/2015,17-Apr-15,0.0649
24/04/2015,24-Apr-15,0.0773
01/05/2015,01-May-15,0.1104
08/05/2015,08-May-15,0.1144
15/05/2015,15-May-15,0.0843
22/05/2015,22-May-15,0.0715
29/05/2015,29-May-15,0.0756
05/06/2015,05-Jun-15,0.103
12/06/2015,12-Jun-15,0.082
19/06/2015,19-Jun-15,0.0686
26/06/2015,26-Jun-15,0.0709
03/07/2015,03-Jul-15,0.1223
10/07/2015,10-Jul-15,0.1972
17/07/2015,17-Jul-15,0.1146
24/07/2015,24-Jul-15,0.0898
31/07/2015,31-Jul-15,0.1189
07/08/2015,07-Aug-15,0.1065
14/08/2015,14-Aug-15,0.1288
21/08/2015,21-Aug-15,0.1567
28/08/2015,28-Aug-15,0.2111
04/09/2015,04-Sep-15,0.1877
11/09/2015,11-Sep-15,0.1264
18/09/2015,18-Sep-15,0.1993
25/09/2015,25-Sep-15,0.2358
02/10/2015,02-Oct-15,0.1723
09/10/2015,09-Oct-15,0.1605
16/10/2015,16-Oct-15,0.1461
23/10/2015,23-Oct-15,0.1949
30/10/2015,30-Oct-15,0.1125
06/11/2015,06-Nov-15,0.102
13/11/2015,13-Nov-15,0.0932
20/11/2015,20-Nov-15,0.0981
27/11/2015,27-Nov-15,0.0842
04/12/2015,04-Dec-15,0.1377
11/12/2015,11-Dec-15,0.1254
18/12/2015,18-Dec-15,0.088
25/12/2015,25-Dec-15,0.076
01/01/2016,01-Jan-16,0.0605
08/01/2016,08-Jan-16,0.1727
15/01/2016,15-Jan-16,0.1144
22/01/2016,22-Jan-16,0.17
29/01/2016,29-Jan-16,0.1804
05/02/2016,05-Feb-16,0.1649
12/02/2016,12-Feb-16,0.2599
19/02/2016,19-Feb-16,0.2173
26/02/2016,26-Feb-16,0.2225
04/03/2016,04-Mar-16,0.2318
11/03/2016,11-Mar-16,0.2419
18/03/2016,18-Mar-16,0.1797
25/03/2016,25-Mar-16,0.1101
01/04/2016,01-Apr-16,0.1721
08/04/2016,08-Apr-16,0.1682
15/04/2016,15-Apr-16,0.1692
22/04/2016,22-Apr-16,0.1794
29/04/2016,29-Apr-16,0.1633
06/05/2016,06-May-16,0.141
13/05/2016,13-May-16,0.1101
20/05/2016,20-May-16,0.1167
27/05/2016,27-May-16,0.1178
03/06/2016,03-Jun-16,0.1314
10/06/2016,10-Jun-16,0.1348
17/06/2016,17-Jun-16,0.1856
24/06/2016,24-Jun-16,0.3237
01/07/2016,01-Jul-16,0.3048
08/07/2016,08-Jul-16,0.2737
15/07/2016,15-Jul-16,0.3094
22/07/2016,22-Jul-16,0.1776
29/07/2016,29-Jul-16,0.2117
05/08/2016,05-Aug-16,0.2235
12/08/2016,12-Aug-16,0.1372
19/08/2016,19-Aug-16,0.151
26/08/2016,26-Aug-16,0.1398
02/09/2016,02-Sep-16,0.1478
09/09/2016,09-Sep-16,0.1432
16/09/2016,16-Sep-16,0.1212
23/09/2016,23-Sep-16,0.15
30/09/2016,30-Sep-16,0.1028
07/10/2016,07-Oct-16,0.1444
14/10/2016,14-Oct-16,0.1486
21/10/2016,21-Oct-16,0.0937
28/10/2016,28-Oct-16,0.0945
04/11/2016,04-Nov-16,0.1186
11/11/2016,11-Nov-16,0.1419
18/11/2016,18-Nov-16,0.0879
25/11/2016,25-Nov-16,0.0821
02/12/2016,02-Dec-16,0.1248
09/12/2016,09-Dec-16,0.1471
16/12/2016,16-Dec-16,0.0934
23/12/2016,23-Dec-16,0.0759
30/12/2016,30-Dec-16,0.0532
06/01/2017,06-Jan-17,0.0756
13/01/2017,13-Jan-17,0.0632
20/01/2017,20-Jan-17,0.0735
27/01/2017,27-Jan-17,0.0837
03/02/2017,03-Feb-17,0.0761
10/02/2017,10-Feb-17,0.0856
17/02/2017,17-Feb-17,0.0682
24/02/2017,24-Feb-17,0.0641
03/03/2017,03-Mar-17,0.0858
10/03/2017,10-Mar-17,0.0711
17/03/2017,17-Mar-17,0.0545
24/03/2017,24-Mar-17,0.0525
31/03/2017,31-Mar-17,0.0438
07/04/2017,07-Apr-17,0.0452
14/04/2017,14-Apr-17,0.04
21/04/2017,21-Apr-17,0.0495
28/04/2017,28-Apr-17,0.0835
05/05/2017,05-May-17,0.0448
12/05/2017,12-May-17,0.0404
19/05/2017,19-May-17,0.0618
26/05/2017,26-May-17,0.0405
02/06/2017,02-Jun-17,0.0461
09/06/2017,09-Jun-17,0.0428
16/06/2017,16-Jun-17,0.0547
23/06/2017,23-Jun-17,0.0238
30/06/2017,30-Jun-17,0.0803
07/07/2017,07-Jul-17,0.043
14/07/2017,14-Jul-17,0.0536
21/07/2017,21-Jul-17,0.0539
28/07/2017,28-Jul-17,0.0394
04/08/2017,04-Aug-17,0.0376
11/08/2017,11-Aug-17,0.0309
18/08/2017,18-Aug-17,0.0499
25/08/2017,25-Aug-17,0.052
01/09/2017,01-Sep-17,0.06
08/09/2017,08-Sep-17,0.062
15/09/2017,15-Sep-17,0.0562
22/09/2017,22-Sep-17,0.0465
29/09/2017,29-Sep-17,0.0472
06/10/2017,06-Oct-17,0.0394
13/10/2017,13-Oct-17,0.0404
20/10/2017,20-Oct-17,0.0408
27/10/2017,27-Oct-17,0.0652
03/11/2017,03-Nov-17,0.0476
10/11/2017,10-Nov-17,0.0546
17/11/2017,17-Nov-17,0.0643
24/11/2017,24-Nov-17,0.0629
01/12/2017,01-Dec-17,0.0532
08/12/2017,08-Dec-17,0.0612
15/12/2017,15-Dec-17,0.042
22/12/2017,22-Dec-17,0.0595
29/12/2017,29-Dec-17,0.0309
05/01/2018,05-Jan-18,0.0528
12/01/2018,12-Jan-18,0.0619
19/01/2018,19-Jan-18,0.0305
26/01/2018,26-Jan-18,0.0647
02/02/2018,02-Feb-18,0.0679
09/02/2018,09-Feb-18,0.1279
16/02/2018,16-Feb-18,0.1175
23/02/2018,23-Feb-18,0.0523
02/03/2018,02-Mar-18,0.1018
09/03/2018,09-Mar-18,0.0845
16/03/2018,16-Mar-18,0.0629
23/03/2018,23-Mar-18,0.0905
30/03/2018,30-Mar-18,0.0747
06/04/2018,06-Apr-18,0.0773
13/04/2018,13-Apr-18,0.054
20/04/2018,20-Apr-18,0.0632
27/04/2018,27-Apr-18,0.0629
04/05/2018,04-May-18,0.0488
11/05/2018,11-May-18,0.0473
18/05/2018,18-May-18,0.0484
25/05/2018,25-May-18,0.0796
01/06/2018,01-Jun-18,0.159
08/06/2018,08-Jun-18,0.1055
15/06/2018,15-Jun-18,0.1352
22/06/2018,22-Jun-18,0.1034
29/06/2018,29-Jun-18,0.1232
06/07/2018,06-Jul-18,0.0674
13/07/2018,13-Jul-18,0.0831
20/07/2018,20-Jul-18,0.0725
27/07/2018,27-Jul-18,0.0571
03/08/2018,03-Aug-18,0.0604
10/08/2018,10-Aug-18,0.0578
17/08/2018,17-Aug-18,0.0583
24/08/2018,24-Aug-18,0.0509
31/08/2018,31-Aug-18,0.0735
07/09/2018,07-Sep-18,0.0979
14/09/2018,14-Sep-18,0.0622
21/09/2018,21-Sep-18,0.0552
28/09/2018,28-Sep-18,0.055
05/10/2018,05-Oct-18,0.0776
12/10/2018,12-Oct-18,0.0718
19/10/2018,19-Oct-18,0.0645
26/10/2018,26-Oct-18,0.0779
02/11/2018,02-Nov-18,0.0864
09/11/2018,09-Nov-18,0.0656
16/11/2018,16-Nov-18,0.0607
23/11/2018,23-Nov-18,0.0726
30/11/2018,30-Nov-18,0.0586
07/12/2018,07-Dec-18,0.1005
14/12/2018,14-Dec-18,0.1192
21/12/2018,21-Dec-18,0.1122
28/12/2018,28-Dec-18,0.0742
04/01/2019,04-Jan-19,0.1433
11/01/2019,11-Jan-19,0.1261
18/01/2019,18-Jan-19,0.1555
25/01/2019,25-Jan-19,0.1232
01/02/2019,01-Feb-19,0.118
08/02/2019,08-Feb-19,0.1418
15/02/2019,15-Feb-19,0.1377
22/02/2019,22-Feb-19,0.0943
01/03/2019,01-Mar-19,0.108
08/03/2019,08-Mar-19,0.1082
15/03/2019,15-Mar-19,0.076
22/03/2019,22-Mar-19,0.1195
29/03/2019,29-Mar-19,0.1169
05/04/2019,05-Apr-19,0.1225
12/04/2019,12-Apr-19,0.1199
19/04/2019,19-Apr-19,0.0739
26/04/2019,26-Apr-19,0.064
03/05/2019,03-May-19,0.0584
10/05/2019,10-May-19,0.0896
17/05/2019,17-May-19,0.096
24/05/2019,24-May-19,0.116
31/05/2019,31-May-19,0.0958
07/06/2019,07-Jun-19,0.099
14/06/2019,14-Jun-19,0.077
21/06/2019,21-Jun-19,0.0933
28/06/2019,28-Jun-19,0.07
05/07/2019,05-Jul-19,0.0631
12/07/2019,12-Jul-19,0.0617
19/07/2019,19-Jul-19,0.051
26/07/2019,26-Jul-19,0.0474
02/08/2019,02-Aug-19,0.0362
09/08/2019,09-Aug-19,0.0739
16/08/2019,16-Aug-19,0.0915
23/08/2019,23-Aug-19,0.1169
30/08/2019,30-Aug-19,0.0821
06/09/2019,06-Sep-19,0.0893
13/09/2019,13-Sep-19,0.0792
20/09/2019,20-Sep-19,0.0615
27/09/2019,27-Sep-19,0.0804
04/10/2019,04-Oct-19,0.0665
11/10/2019,11-Oct-19,0.0914
18/10/2019,18-Oct-19,0.0599
25/10/2019,25-Oct-19,0.0588
01/11/2019,01-Nov-19,0.0566
08/11/2019,08-Nov-19,0.0675
15/11/2019,15-Nov-19,0.0494
22/11/2019,22-Nov-19,0.0484
29/11/2019,29-Nov-19,0.0382
06/12/2019,06-Dec-19,0.0521
13/12/2019,13-Dec-19,0.0441
20/12/2019,20-Dec-19,0.0275
27/12/2019,27-Dec-19,0.0229
03/01/2020,03-Jan-20,0.04
10/01/2020,10-Jan-20,0.0314
17/01/2020,17-Jan-20,0.0397
24/01/2020,24-Jan-20,0.0438
31/01/2020,31-Jan-20,0.0697
07/02/2020,07-Feb-20,0.0629
14/02/2020,14-Feb-20,0.0369
21/02/2020,21-Feb-20,0.0417
28/02/2020,28-Feb-20,0.1209
06/03/2020,06-Mar-20,0.2008
13/03/2020,13-Mar-20,0.3548
20/03/2020,20-Mar-20,0.3135
27/03/2020,27-Mar-20,0.2885
03/04/2020,03-Apr-20,0.3119
10/04/2020,10-Apr-20,0.1707
17/04/2020,17-Apr-20,0.2363
24/04/2020,24-Apr-20,0.2879
01/05/2020,01-May-20,0.3232
08/05/2020,08-May-20,0.3127
15/05/2020,15-May-20,0.2577
22/05/2020,22-May-20,0.2793
29/05/2020,29-May-20,0.2673
05/06/2020,05-Jun-20,0.3073
12/06/2020,12-Jun-20,0.2914
19/06/2020,19-Jun-20,0.2407
26/06/2020,26-Jun-20,0.2667
03/07/2020,03-Jul-20,0.2246
10/07/2020,10-Jul-20,0.1944
17/07/2020,17-Jul-20,0.2022
24/07/2020,24-Jul-20,0.1697
31/07/2020,31-Jul-20,0.2013
07/08/2020,07-Aug-20,0.1883
14/08/2020,14-Aug-20,0.1982
21/08/2020,21-Aug-20,0.162
28/08/2020,28-Aug-20,0.1761
04/09/2020,04-Sep-20,0.1925
11/09/2020,11-Sep-20,0.1593
18/09/2020,18-Sep-20,0.1034
25/09/2020,25-Sep-20,0.1746
02/10/2020,02-Oct-20,0.1491
09/10/2020,09-Oct-20,0.1414
16/10/2020,16-Oct-20,0.1746
23/10/2020,23-Oct-20,0.1293
30/10/2020,30-Oct-20,0.1575
06/11/2020,06-Nov-20,0.1476
13/11/2020,13-Nov-20,0.1726
20/11/2020,20-Nov-20,0.1139
27/11/2020,27-Nov-20,0.1036
04/12/2020,04-Dec-20,0.1057
11/12/2020,11-Dec-20,0.0851
18/12/2020,18-Dec-20,0.0913
25/12/2020,25-Dec-20,0.0983
01/01/2021,01-Jan-21,0.0508
08/01/2021,08-Jan-21,0.0754
15/01/2021,15-Jan-21,0.0639
22/01/2021,22-Jan-21,0.0472
29/01/2021,29-Jan-21,0.0835
05/02/2021,05-Feb-21,0.0518
12/02/2021,12-Feb-21,0.0541
19/02/2021,19-Feb-21,0.0689
26/02/2021,26-Feb-21,0.0736
05/03/2021,05-Mar-21,0.057
12/03/2021,12-Mar-21,0.0538
19/03/2021,19-Mar-21,0.0455
26/03/2021,26-Mar-21,0.0365
02/04/2021,02-Apr-21,0.0462
09/04/2021,09-Apr-21,0.0329
16/04/2021,16-Apr-21,0.0459
23/04/2021,23-Apr-21,0.0459
30/04/2021,30-Apr-21,0.0344
07/05/2021,07-May-21,0.0455
14/05/2021,14-May-21,0.045
21/05/2021,21-May-21,0.0263
28/05/2021,28-May-21,0.0291
04/06/2021,04-Jun-21,0.0249
11/06/2021,11-Jun-21,0.0304
18/06/2021,18-Jun-21,0.0342
25/06/2021,25-Jun-21,0.0369
02/07/2021,02-Jul-21,0.0538
09/07/2021,09-Jul-21,0.0807
16/07/2021,16-Jul-21,0.0521
23/07/2021,23-Jul-21,0.0849
30/07/2021,30-Jul-21,0.0553
06/08/2021,06-Aug-21,0.0489
13/08/2021,13-Aug-21,0.0325
20/08/2021,20-Aug-21,0.0375
27/08/2021,27-Aug-21,0.0343
03/09/2021,03-Sep-21,0.0351
10/09/2021,10-Sep-21,0.0324
17/09/2021,17-Sep-21,0.0366
24/09/2021,24-Sep-21,0.0645
01/10/2021,01-Oct-21,0.0552
08/10/2021,08-Oct-21,0.0543
15/10/2021,15-Oct-21,0.0502
22/10/2021,22-Oct-21,0.0335
29/10/2021,29-Oct-21,0.0406
05/11/2021,05-Nov-21,0.043
12/11/2021,12-Nov-21,0.0236
19/11/2021,19-Nov-21,0.0498
26/11/2021,26-Nov-21,0.0827
03/12/2021,03-Dec-21,0.0897
10/12/2021,10-Dec-21,0.1061
17/12/2021,17-Dec-21,0.0915
24/12/2021,24-Dec-21,0.0862
31/12/2021,31-Dec-21,0.0482
07/01/2022,07-Jan-22,0.0761
14/01/2022,14-Jan-22,0.0773
21/01/2022,21-Jan-22,0.0714
28/01/2022,28-Jan-22,0.1105
04/02/2022,04-Feb-22,0.1472
11/02/2022,11-Feb-22,0.1029
18/02/2022,18-Feb-22,0.1225
25/02/2022,25-Feb-22,0.1819
04/03/2022,04-Mar-22,0.279
11/03/2022,11-Mar-22,0.3438
18/03/2022,18-Mar-22,0.3043
25/03/2022,25-Mar-22,0.2233
01/04/2022,01-Apr-22,0.256
08/04/2022,08-Apr-22,0.2215
15/04/2022,15-Apr-22,0.1403
22/04/2022,22-Apr-22,0.1785
29/04/2022,29-Apr-22,0.2676
06/05/2022,06-May-22,0.2556
13/05/2022,13-May-22,0.2952
20/05/2022,20-May-22,0.3114
27/05/2022,27-May-22,0.3246
03/06/2022,03-Jun-22,0.2689
10/06/2022,10-Jun-22,0.3598
17/06/2022,17-Jun-22,0.4031
24/06/2022,24-Jun-22,0.333
01/07/2022,01-Jul-22,0.2912
08/07/2022,08-Jul-22,0.3785
15/07/2022,15-Jul-22,0.4049
22/07/2022,22-Jul-22,0.4145
29/07/2022,29-Jul-22,0.43
05/08/2022,05-Aug-22,0.3879
12/08/2022,12-Aug-22,0.2872
19/08/2022,19-Aug-22,0.3228
26/08/2022,26-Aug-22,0.3428
02/09/2022,02-Sep-22,0.4146
09/09/2022,09-Sep-22,0.3766
16/09/2022,16-Sep-22,0.4203
23/09/2022,23-Sep-22,0.467
30/09/2022,30-Sep-22,0.4749
07/10/2022,07-Oct-22,0.4986
14/10/2022,14-Oct-22,0.4029
21/10/2022,21-Oct-22,0.4504
28/10/2022,28-Oct-22,0.4649
04/11/2022,04-Nov-22,0.4981
11/11/2022,11-Nov-22,0.5135
18/11/2022,18-Nov-22,0.3196
25/11/2022,25-Nov-22,0.267
02/12/2022,02-Dec-22,0.3819
09/12/2022,09-Dec-22,0.2899
16/12/2022,16-Dec-22,0.4334
23/12/2022,23-Dec-22,0.3578
30/12/2022,30-Dec-22,0.3274
06/01/2023,06-Jan-23,0.3716
13/01/2023,13-Jan-23,0.3308
20/01/2023,20-Jan-23,0.2771
27/01/2023,27-Jan-23,0.2204
03/02/2023,03-Feb-23,0.3235
10/02/2023,10-Feb-23,0.2528
17/02/2023,17-Feb-23,0.2237
24/02/2023,24-Feb-23,0.2154
03/03/2023,03-Mar-23,0.2577
10/03/2023,10-Mar-23,0.2465
17/03/2023,17-Mar-23,0.412
24/03/2023,24-Mar-23,0.4392
31/03/2023,31-Mar-23,0.3585
07/04/2023,07-Apr-23,0.2413
14/04/2023,14-Apr-23,0.3176
21/04/2023,21-Apr-23,0.27
28/04/2023,28-Apr-23,0.2852
05/05/2023,05-May-23,0.3002
12/05/2023,12-May-23,0.2377
19/05/2023,19-May-23,0.2193
26/05/2023,26-May-23,0.2831
02/06/2023,02-Jun-23,0.3151
09/06/2023,09-Jun-23,0.2416
16/06/2023,16-Jun-23,0.2553
23/06/2023,23-Jun-23,0.2998
30/06/2023,30-Jun-23,0.2585
07/07/2023,07-Jul-23,0.2488
14/07/2023,14-Jul-23,0.189
21/07/2023,21-Jul-23,0.2059
28/07/2023,28-Jul-23,0.1661
04/08/2023,04-Aug-23,0.1738
11/08/2023,11-Aug-23,0.2026
18/08/2023,18-Aug-23,0.1818
25/08/2023,25-Aug-23,0.1681
01/09/2023,01-Sep-23,0.15
08/09/2023,08-Sep-23,0.1443
15/09/2023,15-Sep-23,0.1678
22/09/2023,22-Sep-23,0.1764
29/09/2023,29-Sep-23,0.1809
06/10/2023,06-Oct-23,0.1308
13/10/2023,13-Oct-23,0.1735
20/10/2023,20-Oct-23,0.1598
27/10/2023,27-Oct-23,0.1783
03/11/2023,03-Nov-23,0.2076
10/11/2023,10-Nov-23,0.1801
17/11/2023,17-Nov-23,0.1621
24/11/2023,24-Nov-23,0.1067
01/12/2023,01-Dec-23,0.1198
08/12/2023,08-Dec-23,0.1094
15/12/2023,15-Dec-23,0.1071
22/12/2023,22-Dec-23,0.0883
29/12/2023,29-Dec-23,0.0641
05/01/2024,05-Jan-24,0.1153
12/01/2024,12-Jan-24,0.0833
19/01/2024,19-Jan-24,0.0895
26/01/2024,26-Jan-24,0.0935
02/02/2024,02-Feb-24,0.0855
09/02/2024,09-Feb-24,0.075
16/02/2024,16-Feb-24,0.0722
23/02/2024,23-Feb-24,0.0678
01/03/2024,01-Mar-24,0.0566
08/03/2024,08-Mar-24,0.0533
15/03/2024,15-Mar-24,0.0573
22/03/2024,22-Mar-24,0.0422
29/03/2024,29-Mar-24,0.0455
05/04/2024,05-Apr-24,0.0588
12/04/2024,12-Apr-24,0.0639
19/04/2024,19-Apr-24,0.0658
26/04/2024,26-Apr-24,0.0541
03/05/2024,03-May-24,0.053
10/05/2024,10-May-24,0.0466
17/05/2024,17-May-24,0.0413
24/05/2024,24-May-24,0.0346
31/05/2024,31-May-24,0.0577
07/06/2024,07-Jun-24,0.062
14/06/2024,14-Jun-24,0.0687
21/06/2024,21-Jun-24,0.0539
28/06/2024,28-Jun-24,0.0491
05/07/2024,05-Jul-24,0.0645
12/07/2024,12-Jul-24,0.0574
19/07/2024,19-Jul-24,0.0528
26/07/2024,26-Jul-24,0.048
02/08/2024,02-Aug-24,0.0892
09/08/2024,09-Aug-24,0.0907
16/08/2024,16-Aug-24,0.0685
23/08/2024,23-Aug-24,0.0582
30/08/2024,30-Aug-24,0.0562
06/09/2024,06-Sep-24,0.0963
13/09/2024,13-Sep-24,0.0774
20/09/2024,20-Sep-24,0.0792
27/09/2024,27-Sep-24,0.0859
04/10/2024,04-Oct-24,0.0806
11/10/2024,11-Oct-24,0.0413
18/10/2024,18-Oct-24,0.0546
25/10/2024,25-Oct-24,0.05
01/11/2024,01-Nov-24,0.0771
08/11/2024,08-Nov-24,0.087
15/11/2024,15-Nov-24,0.0696
22/11/2024,22-Nov-24,0.0565
29/11/2024,29-Nov-24,0.0481
06/12/2024,06-Dec-24,0.0507
13/12/2024,13-Dec-24,0.0338
20/12/2024,20-Dec-24,0.047
27/12/2024,27-Dec-24,0.0265
03/01/2025,03-Jan-25,0.0621
10/01/2025,10-Jan-25,0.0596
17/01/2025,17-Jan-25,0.0687
24/01/2025,24-Jan-25,0.0427
31/01/2025,31-Jan-25,0.042
07/02/2025,07-Feb-25,0.0685
14/02/2025,14-Feb-25,0.0738
21/02/2025,21-Feb-25,0.0577
28/02/2025,28-Feb-25,0.0509
07/03/2025,07-Mar-25,0.1291